entry_day,exit_day,entry_price,exit_price,signal,exit_signal,type,result,profit_pct,profit,duration_hours
2026-07-11 21:00:00+00:00,2026-08-11 20:00:00+00:00,0.018208502182014797,0.018143134263783476,BEARISH_BREAKDOWN,END,SHORT,CLOSED_END,0.35899667956152553,3.5863768288196396,743.0
2026-07-12 01:00:00+00:00,2026-08-11 20:00:00+00:00,0.018143131330623733,0.018143134263783476,BEARISH_BREAKDOWN,END,SHORT,CLOSED_END,-1.6166777880935413e-05,-0.0001615061110305448,739.0
2026-07-12 02:00:00+00:00,2026-08-11 20:00:00+00:00,0.018175327028281854,0.018143134263783476,BEARISH_BREAKDOWN,END,SHORT,CLOSED_END,0.17712344019056347,1.7694631675037293,738.0
2026-07-12 03:00:00+00:00,2026-08-11 20:00:00+00:00,0.018146063499139824,0.018143134263783476,BEARISH_BREAKDOWN,END,SHORT,CLOSED_END,0.016142538884461557,0.16126396345577093,737.0
2026-07-12 04:00:00+00:00,2026-08-11 20:00:00+00:00,0.01814344289576687,0.018143134263783476,BEARISH_BREAKDOWN,END,SHORT,CLOSED_END,0.0017010662483781197,0.016993651821297414,736.0
2026-07-12 05:00:00+00:00,2026-08-11 20:00:00+00:00,0.018156065210780104,0.018143134263783476,BEARISH_BREAKDOWN,END,SHORT,CLOSED_END,0.0712210869839271,0.7114986589694317,735.0
2026-07-12 07:00:00+00:00,2026-08-11 20:00:00+00:00,0.018126355843379696,0.018143134263783476,BEARISH_BREAKDOWN,END,SHORT,CLOSED_END,-0.09256367109171462,-0.924711074206229,733.0
2026-07-12 13:00:00+00:00,2026-08-11 20:00:00+00:00,0.018230325553081277,0.018143134263783476,BEARISH_BREAKDOWN,END,SHORT,CLOSED_END,0.4782760957500527,4.777978196543027,727.0
2026-07-12 17:00:00+00:00,2026-08-11 20:00:00+00:00,0.018283144409203773,0.018143134263783476,BEARISH_BREAKDOWN,END,SHORT,CLOSED_END,0.765788106720939,7.65022318614218,723.0
2026-07-12 19:00:00+00:00,2026-08-11 20:00:00+00:00,0.018222862838716134,0.018143134263783476,BEARISH_BREAKDOWN,END,SHORT,CLOSED_END,0.4375194810952949,4.370819616141997,721.0
2026-07-12 20:00:00+00:00,2026-08-11 20:00:00+00:00,0.018204338863210826,0.018143134263783476,BEARISH_BREAKDOWN,END,SHORT,CLOSED_END,0.33620885596146916,3.3587264710550766,720.0
2026-07-12 21:00:00+00:00,2026-08-11 20:00:00+00:00,0.018145510096909987,0.018143134263783476,BEARISH_BREAKDOWN,END,SHORT,CLOSED_END,0.013093228648974222,0.13080135420325248,719.0
2026-07-12 23:00:00+00:00,2026-08-11 20:00:00+00:00,0.018125655642326582,0.018143134263783476,BEARISH_BREAKDOWN,END,SHORT,CLOSED_END,-0.09643028534691221,-0.9633385506156529,717.0
2026-07-13 22:00:00+00:00,2026-08-11 20:00:00+00:00,0.01820874956779992,0.018143134263783476,BEARISH_BREAKDOWN,END,SHORT,CLOSED_END,0.3603504116091452,3.599900611975361,694.0
2026-07-13 23:00:00+00:00,2026-08-11 20:00:00+00:00,0.018137991631226473,0.018143134263783476,BEARISH_BREAKDOWN,END,SHORT,CLOSED_END,-0.028352822415847658,-0.28324469593431806,693.0
2026-07-14 01:00:00+00:00,2026-08-11 20:00:00+00:00,0.01814094657737909,0.018143134263783476,BEARISH_BREAKDOWN,END,SHORT,CLOSED_END,-0.012059383974557195,-0.12047324590582638,691.0
2026-07-14 02:00:00+00:00,2026-08-11 20:00:00+00:00,0.01814835239726852,0.018143134263783476,BEARISH_BREAKDOWN,END,SHORT,CLOSED_END,0.028752656829768825,0.2872390417293906,690.0
2026-07-14 03:00:00+00:00,2026-08-11 20:00:00+00:00,0.018152488195450418,0.018143134263783476,BEARISH_BREAKDOWN,END,SHORT,CLOSED_END,0.051529749344698866,0.5147821959535416,689.0
2026-07-14 04:00:00+00:00,2026-08-11 20:00:00+00:00,0.01811043155678971,0.018143134263783476,BEARISH_BREAKDOWN,END,SHORT,CLOSED_END,-0.18057386921574603,-1.8039329534653028,688.0
2026-07-14 05:00:00+00:00,2026-08-11 20:00:00+00:00,0.018145266934094843,0.018143134263783476,BEARISH_BREAKDOWN,END,SHORT,CLOSED_END,0.011753314619803567,0.11741561305183763,687.0
2026-07-14 11:00:00+00:00,2026-08-11 20:00:00+00:00,0.018207885317412364,0.018143134263783476,BEARISH_BREAKDOWN,END,SHORT,CLOSED_END,0.3556209438938294,3.5526532294993562,681.0
2026-07-14 19:00:00+00:00,2026-08-11 20:00:00+00:00,0.018155261845347215,0.018143134263783476,BEARISH_BREAKDOWN,END,SHORT,CLOSED_END,0.06679926550795978,0.6673246624245183,673.0
2026-07-14 20:00:00+00:00,2026-08-11 20:00:00+00:00,0.01812419641102076,0.018143134263783476,BEARISH_BREAKDOWN,END,SHORT,CLOSED_END,-0.10448933753112061,-1.0438484819358949,672.0
2026-07-14 21:00:00+00:00,2026-08-11 20:00:00+00:00,0.018156046101087925,0.018143134263783476,BEARISH_BREAKDOWN,END,SHORT,CLOSED_END,0.07111590944724015,0.7104479353779292,671.0
2026-07-14 23:00:00+00:00,2026-08-11 20:00:00+00:00,0.01813841114922289,0.018143134263783476,BEARISH_BREAKDOWN,END,SHORT,CLOSED_END,-0.02603929595447069,-0.2601325665851622,669.0
2026-07-15 01:00:00+00:00,2026-08-11 20:00:00+00:00,0.018140867394484526,0.018143134263783476,BEARISH_BREAKDOWN,END,SHORT,CLOSED_END,-0.01249592563384689,-0.12483429708213044,667.0
2026-07-15 02:00:00+00:00,2026-08-11 20:00:00+00:00,0.0181462688704357,0.018143134263783476,BEARISH_BREAKDOWN,END,SHORT,CLOSED_END,0.01727411113879361,0.17256837027654817,666.0
2026-07-15 03:00:00+00:00,2026-08-11 20:00:00+00:00,0.01813178518372964,0.018143134263783476,BEARISH_BREAKDOWN,END,SHORT,CLOSED_END,-0.06259218239591674,-0.6252959021352082,665.0
2026-07-15 04:00:00+00:00,2026-08-11 20:00:00+00:00,0.018131131522963594,0.018143134263783476,BEARISH_BREAKDOWN,END,SHORT,CLOSED_END,-0.06619962358488139,-0.6613342396129651,664.0
2026-07-15 09:00:00+00:00,2026-08-11 20:00:00+00:00,0.01830326201646735,0.018143134263783476,BEARISH_BREAKDOWN,END,SHORT,CLOSED_END,0.87485909637204,8.739842372756678,659.0
2026-07-15 21:00:00+00:00,2026-08-11 20:00:00+00:00,0.01815039179992845,0.018143134263783476,BEARISH_BREAKDOWN,END,SHORT,CLOSED_END,0.0399855618819443,0.39945576320062354,647.0
2026-07-15 22:00:00+00:00,2026-08-11 20:00:00+00:00,0.01816775200455349,0.018143134263783476,BEARISH_BREAKDOWN,END,SHORT,CLOSED_END,0.13550240428118074,1.3536690187689957,646.0
2026-07-15 23:00:00+00:00,2026-08-11 20:00:00+00:00,0.018140736601614534,0.018143134263783476,BEARISH_BREAKDOWN,END,SHORT,CLOSED_END,-0.013217005580297205,-0.1320378857471691,645.0
2026-07-16 02:00:00+00:00,2026-08-11 20:00:00+00:00,0.018140602226765147,0.018143134263783476,BEARISH_BREAKDOWN,END,SHORT,CLOSED_END,-0.013957844324446246,-0.139438864801218,642.0
2026-07-16 03:00:00+00:00,2026-08-11 20:00:00+00:00,0.018153002196040414,0.018143134263783476,BEARISH_BREAKDOWN,END,SHORT,CLOSED_END,0.05435978110051099,0.5430542131941049,641.0
2026-07-16 04:00:00+00:00,2026-08-11 20:00:00+00:00,0.018126747876583162,0.018143134263783476,BEARISH_BREAKDOWN,END,SHORT,CLOSED_END,-0.09039893593644688,-0.9030853700051044,640.0
2026-07-16 05:00:00+00:00,2026-08-11 20:00:00+00:00,0.01810800451229092,0.018143134263783476,BEARISH_BREAKDOWN,END,SHORT,CLOSED_END,-0.19400123005664677,-1.9380722882659012,639.0
2026-07-16 09:00:00+00:00,2026-08-11 20:00:00+00:00,0.0184655780739375,0.018143134263783476,BEARISH_BREAKDOWN,END,SHORT,CLOSED_END,1.746188550734422,17.444423621836872,635.0
2026-07-16 10:00:00+00:00,2026-08-11 20:00:00+00:00,0.018302603390107385,0.018143134263783476,BEARISH_BREAKDOWN,END,SHORT,CLOSED_END,0.8712920393068351,8.704207472675284,634.0
2026-07-16 11:00:00+00:00,2026-08-11 20:00:00+00:00,0.018498039745055588,0.018143134263783476,BEARISH_BREAKDOWN,END,SHORT,CLOSED_END,1.918611302405573,19.166926911031677,633.0
2026-07-16 22:00:00+00:00,2026-08-11 20:00:00+00:00,0.018228946050454598,0.018143134263783476,BEARISH_BREAKDOWN,END,SHORT,CLOSED_END,0.4707446411526476,4.70273896511495,622.0
2026-07-16 23:00:00+00:00,2026-08-11 20:00:00+00:00,0.018130457177688592,0.018143134263783476,BEARISH_BREAKDOWN,END,SHORT,CLOSED_END,-0.06992149161293239,-0.6985157012131945,621.0
2026-07-17 01:00:00+00:00,2026-08-11 20:00:00+00:00,0.018153441265490743,0.018143134263783476,BEARISH_BREAKDOWN,END,SHORT,CLOSED_END,0.056777123172016435,0.5672034604884442,619.0
2026-07-17 03:00:00+00:00,2026-08-11 20:00:00+00:00,0.01816088399768825,0.018143134263783476,BEARISH_BREAKDOWN,END,SHORT,CLOSED_END,0.09773606784248003,0.9763833177463755,617.0
2026-07-17 04:00:00+00:00,2026-08-11 20:00:00+00:00,0.018153869066832886,0.018143134263783476,BEARISH_BREAKDOWN,END,SHORT,CLOSED_END,0.05913231504474453,0.5907318272969979,616.0
2026-07-17 07:00:00+00:00,2026-08-11 20:00:00+00:00,0.018172388615717263,0.018143134263783476,BEARISH_BREAKDOWN,END,SHORT,CLOSED_END,0.16098242532896873,1.6082144290363978,613.0
2026-07-17 19:00:00+00:00,2026-08-11 20:00:00+00:00,0.018169002620587904,0.018143134263783476,BEARISH_BREAKDOWN,END,SHORT,CLOSED_END,0.1423763172069544,1.4223394088974743,601.0
2026-07-17 20:00:00+00:00,2026-08-11 20:00:00+00:00,0.018138101632487174,0.018143134263783476,BEARISH_BREAKDOWN,END,SHORT,CLOSED_END,-0.027746185341072524,-0.2771843915573145,600.0
2026-07-17 21:00:00+00:00,2026-08-11 20:00:00+00:00,0.018160436417419077,0.018143134263783476,BEARISH_BREAKDOWN,END,SHORT,CLOSED_END,0.09527388680486348,0.9517861291805862,599.0
2026-07-17 22:00:00+00:00,2026-08-11 20:00:00+00:00,0.018105502424975616,0.018143134263783476,BEARISH_BREAKDOWN,END,SHORT,CLOSED_END,-0.20784752571101564,-2.076396781853046,598.0
2026-07-17 23:00:00+00:00,2026-08-11 20:00:00+00:00,0.01812756249102116,0.018143134263783476,BEARISH_BREAKDOWN,END,SHORT,CLOSED_END,-0.08590108443993952,-0.8581518335549957,597.0
2026-07-18 00:00:00+00:00,2026-08-11 20:00:00+00:00,0.018143253567722704,0.018143134263783476,BEARISH_BREAKDOWN,END,SHORT,CLOSED_END,0.0006575663994467388,0.006569088330472921,596.0
2026-07-18 01:00:00+00:00,2026-08-11 20:00:00+00:00,0.018155708462419214,0.018143134263783476,BEARISH_BREAKDOWN,END,SHORT,CLOSED_END,0.06925754873055584,0.6918829118182528,595.0
2026-07-18 02:00:00+00:00,2026-08-11 20:00:00+00:00,0.01812184098582125,0.018143134263783476,BEARISH_BREAKDOWN,END,SHORT,CLOSED_END,-0.11750063351115866,-1.173831328776475,594.0
2026-07-18 03:00:00+00:00,2026-08-11 20:00:00+00:00,0.01810318197106367,0.018143134263783476,BEARISH_BREAKDOWN,END,SHORT,CLOSED_END,-0.22069210144198007,-2.2047140934053804,593.0
2026-07-18 17:00:00+00:00,2026-08-11 20:00:00+00:00,0.01822974157103513,0.018143134263783476,BEARISH_BREAKDOWN,END,SHORT,CLOSED_END,0.47508795949835214,4.746128715388538,579.0
2026-07-18 19:00:00+00:00,2026-08-11 20:00:00+00:00,0.018141360884032565,0.018143134263783476,BEARISH_BREAKDOWN,END,SHORT,CLOSED_END,-0.009775340241823843,-0.09765564901582018,577.0
2026-07-18 20:00:00+00:00,2026-08-11 20:00:00+00:00,0.018143530760497524,0.018143134263783476,BEARISH_BREAKDOWN,END,SHORT,CLOSED_END,0.002185333821084899,0.02183148487263814,576.0
2026-07-18 21:00:00+00:00,2026-08-11 20:00:00+00:00,0.018145573519847403,0.018143134263783476,BEARISH_BREAKDOWN,END,SHORT,CLOSED_END,0.013442705799620452,0.1342926309382083,575.0
2026-07-19 01:00:00+00:00,2026-08-11 20:00:00+00:00,0.018198942888681614,0.018143134263783476,BEARISH_BREAKDOWN,END,SHORT,CLOSED_END,0.3066586078076351,3.063519491998275,571.0
2026-07-19 04:00:00+00:00,2026-08-11 20:00:00+00:00,0.01814409870707913,0.018143134263783476,BEARISH_BREAKDOWN,END,SHORT,CLOSED_END,0.00531546543712585,0.05310149971688724,568.0
2026-07-19 05:00:00+00:00,2026-08-11 20:00:00+00:00,0.018141945708351984,0.018143134263783476,BEARISH_BREAKDOWN,END,SHORT,CLOSED_END,-0.0065514220503067756,-0.0654487062825647,567.0
2026-07-19 07:00:00+00:00,2026-08-11 20:00:00+00:00,0.018294610709514752,0.018143134263783476,BEARISH_BREAKDOWN,END,SHORT,CLOSED_END,0.8279839791971921,8.271559952179949,565.0
2026-07-19 11:00:00+00:00,2026-08-11 20:00:00+00:00,0.018210484340965415,0.018143134263783476,BEARISH_BREAKDOWN,END,SHORT,CLOSED_END,0.36984231677150525,3.6947247445473375,561.0
2026-07-19 20:00:00+00:00,2026-08-11 20:00:00+00:00,0.018201404811462485,0.018143134263783476,BEARISH_BREAKDOWN,END,SHORT,CLOSED_END,0.320143133360303,3.1982299022694267,552.0
2026-07-19 21:00:00+00:00,2026-08-11 20:00:00+00:00,0.018259581274941844,0.018143134263783476,BEARISH_BREAKDOWN,END,SHORT,CLOSED_END,0.6377310049172469,6.370932739123296,551.0
2026-07-19 23:00:00+00:00,2026-08-11 20:00:00+00:00,0.018155386044010263,0.018143134263783476,BEARISH_BREAKDOWN,END,SHORT,CLOSED_END,0.06748289569325529,0.6741541279756202,549.0
2026-07-21 01:00:00+00:00,2026-08-11 20:00:00+00:00,0.018127176269134175,0.018143134263783476,BEARISH_BREAKDOWN,END,SHORT,CLOSED_END,-0.0880335382211358,-0.8794550468291468,523.0
2026-07-21 02:00:00+00:00,2026-08-11 20:00:00+00:00,0.018121540926045395,0.018143134263783476,BEARISH_BREAKDOWN,END,SHORT,CLOSED_END,-0.11915839732506185,-1.190392389277368,522.0
2026-07-21 03:00:00+00:00,2026-08-11 20:00:00+00:00,0.018124130906295086,0.018143134263783476,BEARISH_BREAKDOWN,END,SHORT,CLOSED_END,-0.10485113789257168,-1.047462867546791,521.0
2026-07-21 04:00:00+00:00,2026-08-11 20:00:00+00:00,0.01813652872901129,0.018143134263783476,BEARISH_BREAKDOWN,END,SHORT,CLOSED_END,-0.03642116344798894,-0.3638474228454095,520.0
2026-07-21 05:00:00+00:00,2026-08-11 20:00:00+00:00,0.01815403018804786,0.018143134263783476,BEARISH_BREAKDOWN,END,SHORT,CLOSED_END,0.06001931335091488,0.5995929403756397,519.0
2026-07-23 01:00:00+00:00,2026-08-11 20:00:00+00:00,0.018254558927935823,0.018143134263783476,BEARISH_BREAKDOWN,END,SHORT,CLOSED_END,0.6103936260099283,6.097832323839184,475.0
2026-07-23 02:00:00+00:00,2026-08-11 20:00:00+00:00,0.018252547129943893,0.018143134263783476,BEARISH_BREAKDOWN,END,SHORT,CLOSED_END,0.5994388913584672,5.9883945246710875,474.0
2026-07-23 03:00:00+00:00,2026-08-11 20:00:00+00:00,0.01825445303887415,0.018143134263783476,BEARISH_BREAKDOWN,END,SHORT,CLOSED_END,0.6098170942378476,6.092072771436097,473.0
2026-07-23 04:00:00+00:00,2026-08-11 20:00:00+00:00,0.01827846791528542,0.018143134263783476,BEARISH_BREAKDOWN,END,SHORT,CLOSED_END,0.7403993164480207,7.396589171315727,472.0
2026-07-23 05:00:00+00:00,2026-08-11 20:00:00+00:00,0.01826910865981746,0.018143134263783476,BEARISH_BREAKDOWN,END,SHORT,CLOSED_END,0.689548671364917,6.888591226935521,471.0
2026-07-23 10:00:00+00:00,2026-08-11 20:00:00+00:00,0.01839195571568289,0.018143134263783476,BEARISH_BREAKDOWN,END,SHORT,CLOSED_END,1.3528819650606407,13.5152908309558,466.0
2026-07-23 11:00:00+00:00,2026-08-11 20:00:00+00:00,0.018355954309074374,0.018143134263783476,BEARISH_BREAKDOWN,END,SHORT,CLOSED_END,1.1594060527035068,11.582466466508034,465.0
2026-07-24 00:00:00+00:00,2026-08-11 20:00:00+00:00,0.01800825999122619,0.018143134263783476,BEARISH_BREAKDOWN,END,SHORT,CLOSED_END,-0.7489578261475457,-7.4820886832139815,452.0
2026-07-24 01:00:00+00:00,2026-08-11 20:00:00+00:00,0.018008342522061252,0.018143134263783476,BEARISH_BREAKDOWN,END,SHORT,CLOSED_END,-0.7484961014990491,-7.477476053975501,451.0
2026-07-24 02:00:00+00:00,2026-08-11 20:00:00+00:00,0.018004047585114893,0.018143134263783476,BEARISH_BREAKDOWN,END,SHORT,CLOSED_END,-0.7725300547615478,-7.717575247067862,450.0
2026-07-24 03:00:00+00:00,2026-08-11 20:00:00+00:00,0.018014445185894287,0.018143134263783476,BEARISH_BREAKDOWN,END,SHORT,CLOSED_END,-0.7143660354855439,-7.136516694500584,449.0
2026-07-24 04:00:00+00:00,2026-08-11 20:00:00+00:00,0.018002953563700807,0.018143134263783476,BEARISH_BREAKDOWN,END,SHORT,CLOSED_END,-0.77865390024287,-7.7787524634262715,448.0
2026-07-24 05:00:00+00:00,2026-08-11 20:00:00+00:00,0.01800434152333986,0.018143134263783476,BEARISH_BREAKDOWN,END,SHORT,CLOSED_END,-0.7708848461005441,-7.701139612544435,447.0
2026-07-24 19:00:00+00:00,2026-08-11 20:00:00+00:00,0.01800933237657201,0.018143134263783476,BEARISH_BREAKDOWN,END,SHORT,CLOSED_END,-0.7429586195295452,-7.422156609100158,433.0
2026-07-24 20:00:00+00:00,2026-08-11 20:00:00+00:00,0.018008705766434447,0.018143134263783476,BEARISH_BREAKDOWN,END,SHORT,CLOSED_END,-0.7464639552253872,-7.4571749127016185,432.0
2026-07-24 22:00:00+00:00,2026-08-11 20:00:00+00:00,0.018255077737540884,0.018143134263783476,BEARISH_BREAKDOWN,END,SHORT,CLOSED_END,0.613218280233343,6.126050619531096,430.0
2026-07-24 23:00:00+00:00,2026-08-11 20:00:00+00:00,0.01825517353525421,0.018143134263783476,BEARISH_BREAKDOWN,END,SHORT,CLOSED_END,0.6137398324609923,6.1312609262853135,429.0
2026-07-25 02:00:00+00:00,2026-08-11 20:00:00+00:00,0.018254937779945548,0.018143134263783476,BEARISH_BREAKDOWN,END,SHORT,CLOSED_END,0.6124562981797548,6.11843841881575,426.0
2026-07-25 03:00:00+00:00,2026-08-11 20:00:00+00:00,0.018203416775893905,0.018143134263783476,BEARISH_BREAKDOWN,END,SHORT,CLOSED_END,0.3311604236313405,3.308292632077092,425.0
2026-07-25 04:00:00+00:00,2026-08-11 20:00:00+00:00,0.01820568986886092,0.018143134263783476,BEARISH_BREAKDOWN,END,SHORT,CLOSED_END,0.3436046946204476,3.432610899258272,424.0
2026-07-25 05:00:00+00:00,2026-08-11 20:00:00+00:00,0.01823974732432706,0.018143134263783476,BEARISH_BREAKDOWN,END,SHORT,CLOSED_END,0.5296842046420583,5.291545204374163,423.0
2026-07-25 08:00:00+00:00,2026-08-11 20:00:00+00:00,0.01835928562549312,0.018143134263783476,BEARISH_BREAKDOWN,END,SHORT,CLOSED_END,1.1773408079097682,11.761634671018586,420.0
2026-07-25 10:00:00+00:00,2026-08-11 20:00:00+00:00,0.018396635012482645,0.018143134263783476,BEARISH_BREAKDOWN,END,SHORT,CLOSED_END,1.3779734637729202,13.76595490309147,418.0
2026-07-25 13:00:00+00:00,2026-08-11 20:00:00+00:00,0.018332063083537364,0.018143134263783476,BEARISH_BREAKDOWN,END,SHORT,CLOSED_END,1.0305922409985069,10.295616487575083,415.0
2026-07-25 14:00:00+00:00,2026-08-11 20:00:00+00:00,0.018282589336278635,0.018143134263783476,BEARISH_BREAKDOWN,END,SHORT,CLOSED_END,0.762775282702625,7.6201250741992235,414.0
2026-07-25 15:00:00+00:00,2026-08-11 20:00:00+00:00,0.018298173011179378,0.018143134263783476,BEARISH_BREAKDOWN,END,SHORT,CLOSED_END,0.8472908595911732,8.46443568731582,413.0
2026-07-25 16:00:00+00:00,2026-08-11 20:00:00+00:00,0.018254377385190253,0.018143134263783476,BEARISH_BREAKDOWN,END,SHORT,CLOSED_END,0.6094051802447603,6.087957750645156,412.0
2026-07-25 17:00:00+00:00,2026-08-11 20:00:00+00:00,0.01837038331930581,0.018143134263783476,BEARISH_BREAKDOWN,END,SHORT,CLOSED_END,1.2370403576909301,12.358033173332391,411.0
2026-07-25 18:00:00+00:00,2026-08-11 20:00:00+00:00,0.018311377343400062,0.018143134263783476,BEARISH_BREAKDOWN,END,SHORT,CLOSED_END,0.9187898674221012,9.178710775546792,410.0
2026-07-25 19:00:00+00:00,2026-08-11 20:00:00+00:00,0.01829461158463395,0.018143134263783476,BEARISH_BREAKDOWN,END,SHORT,CLOSED_END,0.8279887230713571,8.271607343482858,409.0
2026-07-25 21:00:00+00:00,2026-08-11 20:00:00+00:00,0.01827703767751331,0.018143134263783476,BEARISH_BREAKDOWN,END,SHORT,CLOSED_END,0.7326319291587253,7.318992972295666,407.0
2026-07-25 22:00:00+00:00,2026-08-11 20:00:00+00:00,0.01827918946429204,0.018143134263783476,BEARISH_BREAKDOWN,END,SHORT,CLOSED_END,0.7443174697343375,7.435731522646032,406.0
2026-07-25 23:00:00+00:00,2026-08-11 20:00:00+00:00,0.01825600740874053,0.018143134263783476,BEARISH_BREAKDOWN,END,SHORT,CLOSED_END,0.6182794651091774,6.176611856440683,405.0
2026-07-26 01:00:00+00:00,2026-08-11 20:00:00+00:00,0.018256530752599785,0.018143134263783476,BEARISH_BREAKDOWN,END,SHORT,CLOSED_END,0.6211283532067591,6.205072248535523,403.0
2026-07-26 03:00:00+00:00,2026-08-11 20:00:00+00:00,0.0182652041006328,0.018143134263783476,BEARISH_BREAKDOWN,END,SHORT,CLOSED_END,0.6683190408208785,6.676507217800576,401.0
2026-07-26 05:00:00+00:00,2026-08-11 20:00:00+00:00,0.018277413296473744,0.018143134263783476,BEARISH_BREAKDOWN,END,SHORT,CLOSED_END,0.7346719719697679,7.33937299997798,399.0
2026-07-26 09:00:00+00:00,2026-08-11 20:00:00+00:00,0.018420907203135075,0.018143134263783476,BEARISH_BREAKDOWN,END,SHORT,CLOSED_END,1.507922146767693,15.064142246209254,395.0
2026-07-26 11:00:00+00:00,2026-08-11 20:00:00+00:00,0.018388975981907862,0.018143134263783476,BEARISH_BREAKDOWN,END,SHORT,CLOSED_END,1.336897271312224,13.355603740409117,393.0
2026-07-28 04:00:00+00:00,2026-08-11 20:00:00+00:00,0.018275829810822854,0.018143134263783476,BEARISH_BREAKDOWN,END,SHORT,CLOSED_END,0.7260712559316792,7.253451846757475,352.0
2026-07-28 05:00:00+00:00,2026-08-11 20:00:00+00:00,0.01827618279376474,0.018143134263783476,BEARISH_BREAKDOWN,END,SHORT,CLOSED_END,0.727988614923768,7.272606263088441,351.0
2026-07-28 07:00:00+00:00,2026-08-11 20:00:00+00:00,0.018317237031625445,0.018143134263783476,BEARISH_BREAKDOWN,END,SHORT,CLOSED_END,0.9504859687155549,9.495354827468393,349.0
2026-07-28 11:00:00+00:00,2026-08-11 20:00:00+00:00,0.01828472071923808,0.018143134263783476,BEARISH_BREAKDOWN,END,SHORT,CLOSED_END,0.7743430027106455,7.735686597079348,345.0
2026-07-28 21:00:00+00:00,2026-08-11 20:00:00+00:00,0.018368398275992973,0.018143134263783476,BEARISH_BREAKDOWN,END,SHORT,CLOSED_END,1.2263672031976296,12.251408359944321,335.0
2026-07-28 22:00:00+00:00,2026-08-11 20:00:00+00:00,0.01841043784145906,0.018143134263783476,BEARISH_BREAKDOWN,END,SHORT,CLOSED_END,1.4519132025944264,14.50461289391832,334.0
2026-07-28 23:00:00+00:00,2026-08-11 20:00:00+00:00,0.018578286022726334,0.018143134263783476,BEARISH_BREAKDOWN,END,SHORT,CLOSED_END,2.3422599824900336,23.399177225075434,333.0
2026-07-29 01:00:00+00:00,2026-08-11 20:00:00+00:00,0.01828215515310104,0.018143134263783476,BEARISH_BREAKDOWN,END,SHORT,CLOSED_END,0.7604184963608257,7.596580778644649,331.0
2026-07-29 05:00:00+00:00,2026-08-11 20:00:00+00:00,0.01828716791957832,0.018143134263783476,BEARISH_BREAKDOWN,END,SHORT,CLOSED_END,0.7876214426873652,7.868338212446778,327.0
2026-07-29 06:00:00+00:00,2026-08-11 20:00:00+00:00,0.018277224322566545,0.018143134263783476,BEARISH_BREAKDOWN,END,SHORT,CLOSED_END,0.733645636867903,7.32911991231035,326.0
2026-07-29 07:00:00+00:00,2026-08-11 20:00:00+00:00,0.018277662880876837,0.018143134263783476,BEARISH_BREAKDOWN,END,SHORT,CLOSED_END,0.7360274558631487,7.352914284072855,325.0
2026-07-29 09:00:00+00:00,2026-08-11 20:00:00+00:00,0.018592174117855218,0.018143134263783476,BEARISH_BREAKDOWN,END,SHORT,CLOSED_END,2.415208954183047,24.12793745228864,323.0
2026-07-29 11:00:00+00:00,2026-08-11 20:00:00+00:00,0.018374689879997387,0.018143134263783476,BEARISH_BREAKDOWN,END,SHORT,CLOSED_END,1.2601878873938526,12.589276995064587,321.0
2026-07-30 02:00:00+00:00,2026-08-11 20:00:00+00:00,0.018221736457176146,0.018143134263783476,BEARISH_BREAKDOWN,END,SHORT,CLOSED_END,0.4313649995838629,4.30933634584279,306.0
2026-07-30 03:00:00+00:00,2026-08-11 20:00:00+00:00,0.018256023828563353,0.018143134263783476,BEARISH_BREAKDOWN,END,SHORT,CLOSED_END,0.6183688509611288,6.177504821101676,305.0
2026-07-30 04:00:00+00:00,2026-08-11 20:00:00+00:00,0.01820228353201213,0.018143134263783476,BEARISH_BREAKDOWN,END,SHORT,CLOSED_END,0.3249552075410067,3.2463025233346565,304.0
2026-07-30 05:00:00+00:00,2026-08-11 20:00:00+00:00,0.018353163309113848,0.018143134263783476,BEARISH_BREAKDOWN,END,SHORT,CLOSED_END,1.1443751782346712,11.432308030564366,303.0
2026-07-30 09:00:00+00:00,2026-08-11 20:00:00+00:00,0.018180251360789636,0.018143134263783476,BEARISH_BREAKDOWN,END,SHORT,CLOSED_END,0.2041616271940677,2.039574655668736,299.0
2026-07-31 02:00:00+00:00,2026-08-11 20:00:00+00:00,0.01849675734970225,0.018143134263783476,BEARISH_BREAKDOWN,END,SHORT,CLOSED_END,1.9118112393060362,19.098994280667302,282.0
2026-07-31 03:00:00+00:00,2026-08-11 20:00:00+00:00,0.018464174402315337,0.018143134263783476,BEARISH_BREAKDOWN,END,SHORT,CLOSED_END,1.7387191625074987,17.36980443344991,281.0
2026-07-31 04:00:00+00:00,2026-08-11 20:00:00+00:00,0.01818908726265625,0.018143134263783476,BEARISH_BREAKDOWN,END,SHORT,CLOSED_END,0.25264048827298774,2.5238784778471475,280.0
2026-07-31 05:00:00+00:00,2026-08-11 20:00:00+00:00,0.018158434603512928,0.018143134263783476,BEARISH_BREAKDOWN,END,SHORT,CLOSED_END,0.08426023533158658,0.84175975096255,279.0
2026-07-31 09:00:00+00:00,2026-08-11 20:00:00+00:00,0.018638879098433956,0.018143134263783476,BEARISH_BREAKDOWN,END,SHORT,CLOSED_END,2.65973523425093,26.57075499016679,275.0
2026-07-31 10:00:00+00:00,2026-08-11 20:00:00+00:00,0.018621896426078425,0.018143134263783476,BEARISH_BREAKDOWN,END,SHORT,CLOSED_END,2.570963511667277,25.683925481556095,274.0
2026-07-31 11:00:00+00:00,2026-08-11 20:00:00+00:00,0.018820631846289515,0.018143134263783476,BEARISH_BREAKDOWN,END,SHORT,CLOSED_END,3.5997600295210472,35.961602694915264,273.0
2026-07-31 15:00:00+00:00,2026-08-11 20:00:00+00:00,0.018493798051832558,0.018143134263783476,BEARISH_BREAKDOWN,END,SHORT,CLOSED_END,1.8961155900279474,18.942194744379194,269.0
2026-07-31 16:00:00+00:00,2026-08-11 20:00:00+00:00,0.018528227123504364,0.018143134263783476,BEARISH_BREAKDOWN,END,SHORT,CLOSED_END,2.0784118046155147,20.76333392810899,268.0
2026-07-31 17:00:00+00:00,2026-08-11 20:00:00+00:00,0.01858283237228576,0.018143134263783476,BEARISH_BREAKDOWN,END,SHORT,CLOSED_END,2.3661522619019237,23.63786109640022,267.0
2026-07-31 18:00:00+00:00,2026-08-11 20:00:00+00:00,0.018346062363645364,0.018143134263783476,BEARISH_BREAKDOWN,END,SHORT,CLOSED_END,1.106112558867187,11.050064463083197,266.0
2026-07-31 19:00:00+00:00,2026-08-11 20:00:00+00:00,0.01856625510750104,0.018143134263783476,BEARISH_BREAKDOWN,END,SHORT,CLOSED_END,2.2789778620817107,22.766988842196287,265.0
2026-07-31 22:00:00+00:00,2026-08-11 20:00:00+00:00,0.01825150543743353,0.018143134263783476,BEARISH_BREAKDOWN,END,SHORT,CLOSED_END,0.5937656705719636,5.931719049013917,262.0
2026-07-31 23:00:00+00:00,2026-08-11 20:00:00+00:00,0.018435483315640055,0.018143134263783476,BEARISH_BREAKDOWN,END,SHORT,CLOSED_END,1.5857954296677406,15.842096342380728,261.0
2026-08-01 00:00:00+00:00,2026-08-11 20:00:00+00:00,0.018296768656293053,0.018143134263783476,BEARISH_BREAKDOWN,END,SHORT,CLOSED_END,0.8396804670574174,8.388407865903599,260.0
2026-08-01 01:00:00+00:00,2026-08-11 20:00:00+00:00,0.01856835414200349,0.018143134263783476,BEARISH_BREAKDOWN,END,SHORT,CLOSED_END,2.2900246029782725,22.877345783752943,259.0
2026-08-01 02:00:00+00:00,2026-08-11 20:00:00+00:00,0.018241708051229377,0.018143134263783476,BEARISH_BREAKDOWN,END,SHORT,CLOSED_END,0.5403758637572209,5.3983548789346365,258.0
2026-08-01 03:00:00+00:00,2026-08-11 20:00:00+00:00,0.018227790534036694,0.018143134263783476,BEARISH_BREAKDOWN,END,SHORT,CLOSED_END,0.4644351716415637,4.6397073646992215,257.0
2026-08-01 04:00:00+00:00,2026-08-11 20:00:00+00:00,0.01846084034540981,0.018143134263783476,BEARISH_BREAKDOWN,END,SHORT,CLOSED_END,1.7209730200896896,17.192520470696,256.0
2026-08-01 05:00:00+00:00,2026-08-11 20:00:00+00:00,0.01828924763100563,0.018143134263783476,BEARISH_BREAKDOWN,END,SHORT,CLOSED_END,0.7989031050924714,7.98104201987379,255.0
2026-08-01 07:00:00+00:00,2026-08-11 20:00:00+00:00,0.018222389542817533,0.018143134263783476,BEARISH_BREAKDOWN,END,SHORT,CLOSED_END,0.43493351323562024,4.344985797223846,253.0
2026-08-01 15:00:00+00:00,2026-08-11 20:00:00+00:00,0.01829389346265583,0.018143134263783476,BEARISH_BREAKDOWN,END,SHORT,CLOSED_END,0.8240957518425733,8.232716560907306,245.0
2026-08-01 16:00:00+00:00,2026-08-11 20:00:00+00:00,0.01849865612172805,0.018143134263783476,BEARISH_BREAKDOWN,END,SHORT,CLOSED_END,1.9218793819675748,19.199575025856074,244.0
2026-08-01 17:00:00+00:00,2026-08-11 20:00:00+00:00,0.018281312738139217,0.018143134263783476,BEARISH_BREAKDOWN,END,SHORT,CLOSED_END,0.7558454709188791,7.5508962544796026,243.0
2026-08-02 06:00:00+00:00,2026-08-11 20:00:00+00:00,0.01824680650068303,0.018143134263783476,BEARISH_BREAKDOWN,END,SHORT,CLOSED_END,0.5681664728327879,5.675983063599552,230.0
2026-08-02 07:00:00+00:00,2026-08-11 20:00:00+00:00,0.018445619888554962,0.018143134263783476,BEARISH_BREAKDOWN,END,SHORT,CLOSED_END,1.6398777953739077,16.38237917578534,229.0
2026-08-02 20:00:00+00:00,2026-08-11 20:00:00+00:00,0.018398156076928414,0.018143134263783476,BEARISH_BREAKDOWN,END,SHORT,CLOSED_END,1.3861270231571707,13.847408961340134,216.0
2026-08-03 05:00:00+00:00,2026-08-11 20:00:00+00:00,0.01829922805688171,0.018143134263783476,BEARISH_BREAKDOWN,END,SHORT,CLOSED_END,0.8530075291319785,8.521545216028466,207.0
2026-08-03 21:00:00+00:00,2026-08-11 20:00:00+00:00,0.018276884983758818,0.018143134263783476,BEARISH_BREAKDOWN,END,SHORT,CLOSED_END,0.7318026025452099,7.310707999426647,191.0
2026-08-03 22:00:00+00:00,2026-08-11 20:00:00+00:00,0.018257115373735176,0.018143134263783476,BEARISH_BREAKDOWN,END,SHORT,CLOSED_END,0.624310618728267,6.236863081095388,190.0
2026-08-03 23:00:00+00:00,2026-08-11 20:00:00+00:00,0.018316954640413552,0.018143134263783476,BEARISH_BREAKDOWN,END,SHORT,CLOSED_END,0.9489589292674665,9.48009970338199,189.0
2026-08-04 02:00:00+00:00,2026-08-11 20:00:00+00:00,0.01833609720756988,0.018143134263783476,BEARISH_BREAKDOWN,END,SHORT,CLOSED_END,1.0523664965450863,10.513141300485414,186.0
2026-08-04 03:00:00+00:00,2026-08-11 20:00:00+00:00,0.018250886721250692,0.018143134263783476,BEARISH_BREAKDOWN,END,SHORT,CLOSED_END,0.5903957386451413,5.898053429064962,185.0
2026-08-04 04:00:00+00:00,2026-08-11 20:00:00+00:00,0.01836942103755021,0.018143134263783476,BEARISH_BREAKDOWN,END,SHORT,CLOSED_END,1.231866662014907,12.30634795352892,184.0
2026-08-04 05:00:00+00:00,2026-08-11 20:00:00+00:00,0.018270835872876107,0.018143134263783476,BEARISH_BREAKDOWN,END,SHORT,CLOSED_END,0.6989368739402355,6.982379370662952,183.0
2026-08-05 02:00:00+00:00,2026-08-11 20:00:00+00:00,0.01828490621568306,0.018143134263783476,BEARISH_BREAKDOWN,END,SHORT,CLOSED_END,0.7753496256818851,7.745742760562033,162.0
2026-08-05 03:00:00+00:00,2026-08-11 20:00:00+00:00,0.018335780405524506,0.018143134263783476,BEARISH_BREAKDOWN,END,SHORT,CLOSED_END,1.0506568985903988,10.496062416918084,161.0
2026-08-05 04:00:00+00:00,2026-08-11 20:00:00+00:00,0.018285143154549145,0.018143134263783476,BEARISH_BREAKDOWN,END,SHORT,CLOSED_END,0.7766353785988179,7.758587432202191,160.0
2026-08-05 05:00:00+00:00,2026-08-11 20:00:00+00:00,0.018321568763167352,0.018143134263783476,BEARISH_BREAKDOWN,END,SHORT,CLOSED_END,0.9739040455017738,9.72930141456272,159.0
2026-08-05 10:00:00+00:00,2026-08-11 20:00:00+00:00,0.018364431543790385,0.018143134263783476,BEARISH_BREAKDOWN,END,SHORT,CLOSED_END,1.2050320178940503,12.038269858761565,154.0
2026-08-05 11:00:00+00:00,2026-08-11 20:00:00+00:00,0.018367293881987278,0.018143134263783476,BEARISH_BREAKDOWN,END,SHORT,CLOSED_END,1.2204281133849255,12.192076852715406,153.0
2026-08-05 20:00:00+00:00,2026-08-11 20:00:00+00:00,0.018346973820135087,0.018143134263783476,BEARISH_BREAKDOWN,END,SHORT,CLOSED_END,1.1110254930865244,11.09914467593438,144.0
2026-08-05 21:00:00+00:00,2026-08-11 20:00:00+00:00,0.018256023752711403,0.018143134263783476,BEARISH_BREAKDOWN,END,SHORT,CLOSED_END,0.6183684380404079,6.177500696023675,143.0
2026-08-05 22:00:00+00:00,2026-08-11 20:00:00+00:00,0.018226187278718692,0.018143134263783476,BEARISH_BREAKDOWN,END,SHORT,CLOSED_END,0.45567958709713485,4.552239075100378,142.0
2026-08-05 23:00:00+00:00,2026-08-11 20:00:00+00:00,0.01822115139614755,0.018143134263783476,BEARISH_BREAKDOWN,END,SHORT,CLOSED_END,0.42816796078303365,4.2773979282225065,141.0
2026-08-06 01:00:00+00:00,2026-08-11 20:00:00+00:00,0.018221834141891952,0.018143134263783476,BEARISH_BREAKDOWN,END,SHORT,CLOSED_END,0.43189877317314346,4.314668743999703,139.0
2026-08-06 03:00:00+00:00,2026-08-11 20:00:00+00:00,0.01826658269534773,0.018143134263783476,BEARISH_BREAKDOWN,END,SHORT,CLOSED_END,0.6758156882605938,6.751398725723331,137.0
2026-08-06 04:00:00+00:00,2026-08-11 20:00:00+00:00,0.018291244422073295,0.018143134263783476,BEARISH_BREAKDOWN,END,SHORT,CLOSED_END,0.8097325412757811,8.089228087345054,136.0
2026-08-06 05:00:00+00:00,2026-08-11 20:00:00+00:00,0.018260257642360934,0.018143134263783476,BEARISH_BREAKDOWN,END,SHORT,CLOSED_END,0.6414114240411917,6.407700126171505,135.0
2026-08-06 07:00:00+00:00,2026-08-11 20:00:00+00:00,0.018170898660572588,0.018143134263783476,BEARISH_BREAKDOWN,END,SHORT,CLOSED_END,0.15279594756287446,1.526431516153116,133.0
2026-08-06 10:00:00+00:00,2026-08-11 20:00:00+00:00,0.01837187814214643,0.018143134263783476,BEARISH_BREAKDOWN,END,SHORT,CLOSED_END,1.2450761788921303,12.438311027132382,130.0
2026-08-06 11:00:00+00:00,2026-08-11 20:00:00+00:00,0.018252582018311748,0.018143134263783476,BEARISH_BREAKDOWN,END,SHORT,CLOSED_END,0.5996288876744632,5.990292587867888,129.0
2026-08-06 12:00:00+00:00,2026-08-11 20:00:00+00:00,0.0183587484707812,0.018143134263783476,BEARISH_BREAKDOWN,END,SHORT,CLOSED_END,1.1744493767692494,11.732749273924803,128.0
2026-08-06 13:00:00+00:00,2026-08-11 20:00:00+00:00,0.018335657977997372,0.018143134263783476,BEARISH_BREAKDOWN,END,SHORT,CLOSED_END,1.0499962119980812,10.48946215786083,127.0
2026-08-06 16:00:00+00:00,2026-08-11 20:00:00+00:00,0.01830166079641572,0.018143134263783476,BEARISH_BREAKDOWN,END,SHORT,CLOSED_END,0.8661865958268089,8.65320409230982,124.0
2026-08-06 17:00:00+00:00,2026-08-11 20:00:00+00:00,0.018219128759332945,0.018143134263783476,BEARISH_BREAKDOWN,END,SHORT,CLOSED_END,0.417113773953323,4.166966601793697,123.0
2026-08-06 19:00:00+00:00,2026-08-11 20:00:00+00:00,0.018316432457850244,0.018143134263783476,BEARISH_BREAKDOWN,END,SHORT,CLOSED_END,0.9461350864343373,9.45188951347903,121.0
2026-08-06 20:00:00+00:00,2026-08-11 20:00:00+00:00,0.018371727596681497,0.018143134263783476,BEARISH_BREAKDOWN,END,SHORT,CLOSED_END,1.2442669405751032,12.430226736345283,120.0
2026-08-06 21:00:00+00:00,2026-08-11 20:00:00+00:00,0.01828013728747988,0.018143134263783476,BEARISH_BREAKDOWN,END,SHORT,CLOSED_END,0.7494638663913995,7.487144025250082,119.0
2026-08-06 22:00:00+00:00,2026-08-11 20:00:00+00:00,0.01831008716697745,0.018143134263783476,BEARISH_BREAKDOWN,END,SHORT,CLOSED_END,0.9118083473413215,9.1089653899398,118.0
2026-08-06 23:00:00+00:00,2026-08-11 20:00:00+00:00,0.018442393573755544,0.018143134263783476,BEARISH_BREAKDOWN,END,SHORT,CLOSED_END,1.622670662434672,16.210479917722374,117.0
2026-08-07 01:00:00+00:00,2026-08-11 20:00:00+00:00,0.01825977700726269,0.018143134263783476,BEARISH_BREAKDOWN,END,SHORT,CLOSED_END,0.6387961004825995,6.381573043821168,115.0
2026-08-07 03:00:00+00:00,2026-08-11 20:00:00+00:00,0.018296306897083767,0.018143134263783476,BEARISH_BREAKDOWN,END,SHORT,CLOSED_END,0.8371778750863913,8.363406972113049,113.0
2026-08-07 04:00:00+00:00,2026-08-11 20:00:00+00:00,0.01831506160248654,0.018143134263783476,BEARISH_BREAKDOWN,END,SHORT,CLOSED_END,0.9387210506555037,9.377823296048483,112.0
2026-08-07 05:00:00+00:00,2026-08-11 20:00:00+00:00,0.018317992294861616,0.018143134263783476,BEARISH_BREAKDOWN,END,SHORT,CLOSED_END,0.9545698473035688,9.536152774562652,111.0
2026-08-07 07:00:00+00:00,2026-08-11 20:00:00+00:00,0.018241786533257878,0.018143134263783476,BEARISH_BREAKDOWN,END,SHORT,CLOSED_END,0.540803771026168,5.402629672551417,109.0
2026-08-08 09:00:00+00:00,2026-08-11 20:00:00+00:00,0.018377499837925325,0.018143134263783476,BEARISH_BREAKDOWN,END,SHORT,CLOSED_END,1.275285409923894,12.740101245139702,83.0
2026-08-08 16:00:00+00:00,2026-08-11 20:00:00+00:00,0.018272700700291286,0.018143134263783476,BEARISH_BREAKDOWN,END,SHORT,CLOSED_END,0.7090710816805791,7.0836201059889845,76.0
2026-08-08 17:00:00+00:00,2026-08-11 20:00:00+00:00,0.018322508568784156,0.018143134263783476,BEARISH_BREAKDOWN,END,SHORT,CLOSED_END,0.9789833325895034,9.78004349256914,75.0
2026-08-08 19:00:00+00:00,2026-08-11 20:00:00+00:00,0.01825839685020332,0.018143134263783476,BEARISH_BREAKDOWN,END,SHORT,CLOSED_END,0.631285360732868,6.306540753721351,73.0
2026-08-08 20:00:00+00:00,2026-08-11 20:00:00+00:00,0.018235317839043554,0.018143134263783476,BEARISH_BREAKDOWN,END,SHORT,CLOSED_END,0.5055221744624845,5.05016652288022,72.0
2026-08-08 21:00:00+00:00,2026-08-11 20:00:00+00:00,0.018241215556058527,0.018143134263783476,BEARISH_BREAKDOWN,END,SHORT,CLOSED_END,0.5376905501370226,5.371528595868856,71.0
2026-08-08 22:00:00+00:00,2026-08-11 20:00:00+00:00,0.01817252126355035,0.018143134263783476,BEARISH_BREAKDOWN,END,SHORT,CLOSED_END,0.16171118658045497,1.615494753938745,70.0
2026-08-08 23:00:00+00:00,2026-08-11 20:00:00+00:00,0.018320812131636357,0.018143134263783476,BEARISH_BREAKDOWN,END,SHORT,CLOSED_END,0.9698143650851972,9.688445507201122,69.0
2026-08-09 02:00:00+00:00,2026-08-11 20:00:00+00:00,0.018242086707202166,0.018143134263783476,BEARISH_BREAKDOWN,END,SHORT,CLOSED_END,0.5424403743219934,5.418979339476714,66.0
2026-08-09 04:00:00+00:00,2026-08-11 20:00:00+00:00,0.018223866769021525,0.018143134263783476,BEARISH_BREAKDOWN,END,SHORT,CLOSED_END,0.4430042551413145,4.4256125088617315,64.0
2026-08-09 05:00:00+00:00,2026-08-11 20:00:00+00:00,0.018310383471815257,0.018143134263783476,BEARISH_BREAKDOWN,END,SHORT,CLOSED_END,0.9134118260779374,9.124984142518594,63.0
2026-08-09 07:00:00+00:00,2026-08-11 20:00:00+00:00,0.018194042399964222,0.018143134263783476,BEARISH_BREAKDOWN,END,SHORT,CLOSED_END,0.27980662604615103,2.7952681942010487,61.0
2026-08-09 08:00:00+00:00,2026-08-11 20:00:00+00:00,0.018125140224289574,0.018143134263783476,BEARISH_BREAKDOWN,END,SHORT,CLOSED_END,-0.0992766912213328,-0.9917741453011147,60.0
2026-08-09 19:00:00+00:00,2026-08-11 20:00:00+00:00,0.018235401230067276,0.018143134263783476,BEARISH_BREAKDOWN,END,SHORT,CLOSED_END,0.5059771656225832,5.054711884569605,49.0
2026-08-10 22:00:00+00:00,2026-08-11 20:00:00+00:00,0.01812428954238268,0.018143134263783476,BEARISH_BREAKDOWN,END,SHORT,CLOSED_END,-0.10397495226905236,-1.038709773167833,22.0
2026-08-10 23:00:00+00:00,2026-08-11 20:00:00+00:00,0.01810835928367509,0.018143134263783476,BEARISH_BREAKDOWN,END,SHORT,CLOSED_END,-0.19203827118525707,-1.918462329140718,21.0
2026-08-11 01:00:00+00:00,2026-08-11 20:00:00+00:00,0.01811023144997315,0.018143134263783476,BEARISH_BREAKDOWN,END,SHORT,CLOSED_END,-0.18168080237524953,-1.814991215728743,19.0
2026-08-11 03:00:00+00:00,2026-08-11 20:00:00+00:00,0.018158373578278698,0.018143134263783476,BEARISH_BREAKDOWN,END,SHORT,CLOSED_END,0.08392444636920147,0.8384052192283228,17.0
2026-08-11 04:00:00+00:00,2026-08-11 20:00:00+00:00,0.01812215014826933,0.018143134263783476,BEARISH_BREAKDOWN,END,SHORT,CLOSED_END,-0.11579263686957723,-1.1567684423270765,16.0
2026-08-11 07:00:00+00:00,2026-08-11 20:00:00+00:00,0.018292393964071334,0.018143134263783476,BEARISH_BREAKDOWN,END,SHORT,CLOSED_END,0.8159659177526103,8.151499518348578,13.0
2026-08-11 11:00:00+00:00,2026-08-11 20:00:00+00:00,0.0184267228021939,0.018143134263783476,BEARISH_BREAKDOWN,END,SHORT,CLOSED_END,1.5390069165020537,15.374679095855516,9.0
